,0
0," AI 기술, 불법 웹툰 운영자 검거에 일조"
1,"카카오-, AI B2B시장서 '닥공'"
2," ""AI 비서 '클로바', 대화 맥 끊는 문제 해결"""
3,"車부터 아파트까지..카카오-, AI 기업시장서 격전"
4,", AI 비서 클로바 지능향상 위해…AI스피커 맥락 이해·반응 ..."
5,", '클로바 AI' 앞세워 'ICLR'서 기술력 입증"
6,", 국제 AI 콘퍼런스 'ICLR' 3년 연속 참석"
7,"프랑스서 온 AI연구원 부부 "" 기술력 뛰어나..데이터선 구글..."
8,", 세계 최고 딥러닝 컨퍼런스 'ICLR 2019'에서 AI 경쟁력 과시"
9," AI통번역 '파파고', 월간 사용자 1000만 돌파"
10," ""AI 기술로 사회적 약자 돕겠다"""
11,", ICLR서 AI·딥러닝 논문 4건 발표"
12," AI 통·번역  '파파고', 월 이용자 1천만명 넘어"
13,", AI 스피커 클로바 활용한 아동 콘텐츠 확대"
14,", 글로벌 컨퍼런스서 AI연구성과 공개"
15,'하계 인턴' 모집 나선 IT·게임업계..·웹툰·라인·...
16,"LG전자, 홈 로봇 ‘LG 클로이' 16일 출시... AI 탑재"
17," ""AI로 기존 콘텐츠 가치 증대""..AI 콜로키움 개최"
18,KB금융· AI 사업제휴
19," ""AI 뉴스추천, 페이지뷰 70% 증가"""
20,", AI 콜로키움 2019 개최..AI 기술 개발 생태계 더욱 강화"
21," ""AI로 콘텐츠 소비 ↑, 개인화 검색 더 확대"""
22,KB금융- AI협력 업무협약..AI금융스피커 개발나서
23, AI 검색·콘텐츠 적용하니..이용자 소비량 '쑥쑥'
24,", AI 콜로키움 2019 개최..370여명 AI 분야 교수·대학원생 모여"
25,쿠팡 잠재력이 클까 의 아우라가 클까
26," ""AI 뉴스 편집 후 조회 수 69% 증가"""
27," ""AI 추천기술로 트래픽 늘어..문자인식은 구글 앞서"""
28,"AI 통·번역의 진화.. 음성 통역, 이미지·챗봇 번역까지 다양"
29,AI 찾아 나선 금융권.. 와 밀착
30,", ' AI 콜로키움 2019' 개최"
31,"LG유플러스·, AI와 IoT로 장애인 생활편의 높인다"
32,", AI 연구자 대상 'NAVER AI 콜로키움' 개최"
33,", 로보틱스·AI기술 스타트업 투자"
34,"IT·게임사 ""여름방학 인턴십 도전하세요"""
35,"·카카오, 차세대 동력으로 AI 사업 육성"
36,", ‘AI 콜로키움 2019’ 개최…다양한 AI 기술 주제 논의"
37,", AI 활용한 맛집·쇼핑 제안 도입"
38,국내외 AI 개발자 한자리에.. 내달 ' AI 콜로키움'
39,", AI 콜로키움 2019 개최…AI 기술ㆍ실제  적용 노하우..."
40," ""AI 도입으로 방문자 69% 늘어... 전반 확대"""
41,", LGU+와 손잡고 새 AI 스피커 내놓는다"
42,"AI 코리아 어벤저스, 美·러·캐나다·인도까지 세계 곳곳서 뛴다"
43,한국 AI를 움직이는 손은 구글·알리바바
44,LG유플선  AI스피커..인수 'CJ헬로'는 카카오와 손잡아(종합)
45,"'기술·노하우 공유'  AI 콜로키움, 다음 달 5일 개최"
46,"잘 때면 떠들고, 말귀는 어둡고..""AI스피커, '눈치' 더 키워야"""
47," 모바일, AI 검색 '그린닷'전면에.. 뉴스는 왼쪽으로 밀어야"
48,"KB금융, 와 'AI프로젝트' 협업"
49,"""부모 목소리로 동화 읽어준다""..AI 기기 새 킬러콘텐츠는 '키즈'"
50, KB금융그룹 '금융 인프라'와  'AI 플랫폼'이 ...
51,"""내 마음도 해석해줘""..AI 통번역 경쟁 후끈"
52,바이두 8만배 급성장..AI스피커 美·中대결
53, “AI 기반 알고리즘 적용 1년 만에 조회수 69% 증가”
54," ""뉴스판 AI적용, 페이지뷰 69% 증가"""
55,"토종 클라우드 투톱, KT- 전략 차이는?"
56,"""AI는  글로벌 경쟁력 원천"".. 'AI 콜로키움 2019' 개최"
57, '2019  AI 콜로키움'
58,"동아대, AI분야 '슈퍼인재' 김성훈(성킴) 교수 초청 24일 특강"
59,", 딥러닝 콘퍼런스 'ICLR 2019'서 클로바 기술 뽐내"
60," "" 전반 AI 적용..생태계 확장"""
61, 말로만 하니? 나는 본다 AI스피커의 진화
62,", AI 연구자 대상 ‘NAVER AI 콜로키움’ 개최"
63,", 내달 5일 ‘ AI 콜로키움’ 개최"
64,"LG유플러스, 디스플레이 탑재 AI스피커 'U+AI_어벤져스' 출시"
65,", AI 연구자 대상 ‘AI 콜로키움’ 개최"
66,"루나소프트,  투자 유치 성공해 눈길.. 어떤 기업일까"
67," D2SF, 로보틱스·AI 기술 스타트업에 투자"
68,"'AI'가 추천한  뉴스, 당신은 어떻게 보십니까"
69,"우리銀- 라인, AI 협업"
70,", AI 연구자 대상 '콜로키움' 개최"
71,"KB금융, 와 금융 AI 비즈니스 사업제휴"
72,", 딥러닝 컨퍼런스 'ICLR 2019'서 연구 성과 공개"
73,"우리은행- 라인, AI 기술 협업 추진"
74,", 로봇·AI 스타트업에 투자한다"
75,", 로보틱스  AI 기술 스타트업 '클로봇'·'모니터'에 투자"
76,"우리銀- 라인, AI기술 협업 위한 MOU"
77,"KB금융그룹-, 함께 '금융 AI스피커' 만든다"
78," ""뉴스페이지, AI 편집 후 조회수 69% 증가"""
79,"KB금융·, 금융 AI 비즈니스 사업제휴..KB 금융스피커 등 개..."
80,' AI 콜로키움 2019' 내달 5일 개최
81," 세계 최고 수준 AI 기술 공개 ""구글과 비교해도 낫다"""
82,", 인공지능 연구자 대상 ‘ AI 콜로키움’ 개최"
83," 中 학계, AI에 음악을 더한다"
84,", 뉴스 에 AI 적용하니 PV 69% 증가"
85,"KB금융, 와 금융AI스피커 엔진 개발 협력"
86,"KB금융, 와 금융 AI 비즈니스 사업제휴"
87,AI 기술 접목에 열올리는 금융권… KEB하나·우리·KB금융 등 ‘네...
88,", AI 연구자 대상 ‘AI 콜로키움 2019’ 내달 5일 연다"
89,"LG전자, AI 홈로봇 'LG 클로이' 본격 판매 돌입"
90,", 세계 최고 딥러닝 콘퍼런스 3년 연속 참가"
91,", AI 연구자 대상 ‘AI 콜로키움’ 개최...AI 연구 성과 등 공유"
92,"유럽서 온 부부 연구원 ""언어 특성 넘나드는 파파고 번역 엔..."
93,", AI 콜로키움 4월 5일 개최…학계와 AI 연구현황 공유"
94,"KB금융, 와 금융 AI 비즈니스 사업제휴"
95,", 지체장애인에 AI 스피커·바이브 이용권 제공"
96, 숙의 네트워크
97,KB금융· 손잡고 금융AI스피커 개발한다
98,"-LGU+, 장애인 위한 AI 접근성  확대"
99," 뉴스 추천, 4일부터 AI가 합니다"
100,"'AI 연구개발 공유' AI 콜로퀴움 2019, 다음달 5일 개최"
101, 뉴스 사람 편집 없애고 AI로 완전 대체한다
102,"KB금융, 와 금융 AI 비즈니스 사업제휴"
103,·라인·컴투스 등 IT·게임사 '여름 인턴' 모집
104,KB금융- 와 AI 비즈니스 제휴
105,"LG전자, 가정용 AI 로봇 ‘LG 클로이’ 16일부터 판매"
106,"KB금융, 와 금융 AI 비즈니스 사업제휴"
107,·라인·컴투스 등 IT·게임사 '여름 인턴' 모집
108,·라인·컴투스 등 IT·게임사 '채용형 여름 인턴' 모집
109,"-LGU+, 지체 장애인에 AI스피커 등 전달"
110,", AI 기술·노하우 공유하는 학술대회 개최"
111,"KB금융, 와 금융 AI 비즈니스 사업제휴"
112,"KB금융-, 금융 AI 프로젝트 추진"
113,", 세계 딥러닝 학회 ICLR 참가..클로바 핵심기술 담은 논문 발표"
114,"·LGU+ ""AI 기술 통해 지체 장애인 삶의 질 개선"""
115,", 새로운 AI 검색 기술 공개한다"
116,", 'AI 콜로키움'에 전 세계 산·학계 인공지능 연구진 총집합"
117,"KB금융, 와 금융AI 비즈니스 사업제휴"
118,"KB금융-, ‘금융 AI’ 사업제휴"
119,KB금융- '금융 AI 비즈니스 MOU' 체결
120,""", 지역언론 차별 말고 대화에 나서라"""
121,"""기술노하우 공유""…, AI콜로키움 4월5일 개최"
122,", 로보틱스·AI 기술 스타트업 2곳에 투자"
123," AI 스피커, 말로 보고 눈으로 듣는다"
124,"루나소프트,  투자 유치..이커머스 분야 협업"
125,"KB금융-, 금융AI 비즈니스 '맞손'"
126,AI가 편집한  뉴스..일평균 페이지뷰 69% 증가했다
127,"KB금융-, 금융 AI 비즈니스 사업 제휴"
128,"KB금융-, 금융 AI 비즈니스 사업제휴"
129,", 로봇관리·AI의료영상분석 스타트업 2곳 투자"
130, 3년 연속 ICLR 등판
131,", ‘ICLR 2019’서 딥러닝 연구 성과 공개"
132,"KB금융-, 금융 AI 비즈니스 사업 제휴"
133,"우리은행,  라인과 AI 기술 협업"
134, AI 콜로키움 내달 5일 개최…AI개발자와 학계 정보공유 학술...
135,간편결제 '부정거래' 국내 기술로 잡는다..'AI 레그테크' 상용화
136,"KB금융-, 금융 AI 비즈니스 사업 제휴"
137,"KB금융-, 금융 AI 비즈니스 사업제휴"
138,"LG '알렉사' 품은 스마트TV 출시…""AI 동맹 확산"""
139,일반인 중 ' 목소리 뽑는다'..음성합성 개인·대중화 '성큼'
140,"KB금융·, 금융 AI 비즈니스 사업제휴"
141,"KB금융-, 금융 AI 비즈니스 프로젝트로 손잡는다"
142,", AI기술·노하우 공유의 장 연다"
143,", 딥러닝 콘퍼런스 'ICLR 2019'서 연구 성과 공개"
144,"KB금융, 와 손잡았다..금융 AI 비즈니스 확대"
145,"우리은행,  라인과 'AI 공동 랩' 신설"
146," D2SF, ‘로보틱스-AI’ 기술 스타트업 투자"
147,", 국내 학계·업계 AI 기술 공유로 국내 AI 생태계 강화"
148, KB금융 와 금융 AI 사업 제휴
149,"새로운 , 오디오 뉴스도 인공지능(AI)이 추천?"
150,", AI 연구자 대상 ‘NAVER AI 콜로키움’ 개최"
151,", 내달 5일 ‘ AI 콜로키움’ 개최"
152,"LG유플러스, 디스플레이 탑재 AI스피커 'U+AI_어벤져스' 출시"
153,", AI 연구자 대상 ‘AI 콜로키움’ 개최"
154,"루나소프트,  투자 유치 성공해 눈길.. 어떤 기업일까"
155," D2SF, 로보틱스·AI 기술 스타트업에 투자"
156,"'AI'가 추천한  뉴스, 당신은 어떻게 보십니까"
157,"우리銀- 라인, AI 협업"
158,", AI 연구자 대상 '콜로키움' 개최"
159,"KB금융, 와 금융 AI 비즈니스 사업제휴"
160,", 딥러닝 컨퍼런스 'ICLR 2019'서 연구 성과 공개"
161,"우리은행- 라인, AI 기술 협업 추진"
162,", 로봇·AI 스타트업에 투자한다"
163,", 로보틱스  AI 기술 스타트업 '클로봇'·'모니터'에 투자"
164,"우리銀- 라인, AI기술 협업 위한 MOU"
165,"KB금융그룹-, 함께 '금융 AI스피커' 만든다"
166," ""뉴스페이지, AI 편집 후 조회수 69% 증가"""
167,"KB금융·, 금융 AI 비즈니스 사업제휴..KB 금융스피커 등 개..."
168,' AI 콜로키움 2019' 내달 5일 개최
169," 세계 최고 수준 AI 기술 공개 ""구글과 비교해도 낫다"""
170,", 인공지능 연구자 대상 ‘ AI 콜로키움’ 개최"
171," 中 학계, AI에 음악을 더한다"
172,", 뉴스 에 AI 적용하니 PV 69% 증가"
173,"KB금융, 와 금융AI스피커 엔진 개발 협력"
174,"KB금융, 와 금융 AI 비즈니스 사업제휴"
175,AI 기술 접목에 열올리는 금융권… KEB하나·우리·KB금융 등 ‘네...
176,", AI 연구자 대상 ‘AI 콜로키움 2019’ 내달 5일 연다"
177,"LG전자, AI 홈로봇 'LG 클로이' 본격 판매 돌입"
178,", 세계 최고 딥러닝 콘퍼런스 3년 연속 참가"
179,", AI 연구자 대상 ‘AI 콜로키움’ 개최...AI 연구 성과 등 공유"
180,"유럽서 온 부부 연구원 ""언어 특성 넘나드는 파파고 번역 엔..."
181,", AI 콜로키움 4월 5일 개최…학계와 AI 연구현황 공유"
182,"KB금융, 와 금융 AI 비즈니스 사업제휴"
183,", 지체장애인에 AI 스피커·바이브 이용권 제공"
184, 숙의 네트워크
185,KB금융· 손잡고 금융AI스피커 개발한다
186,"-LGU+, 장애인 위한 AI 접근성  확대"
187," 뉴스 추천, 4일부터 AI가 합니다"
188,"'AI 연구개발 공유' AI 콜로퀴움 2019, 다음달 5일 개최"
189, 뉴스 사람 편집 없애고 AI로 완전 대체한다
190,"KB금융, 와 금융 AI 비즈니스 사업제휴"
191,·라인·컴투스 등 IT·게임사 '여름 인턴' 모집
192,KB금융- 와 AI 비즈니스 제휴
193,"LG전자, 가정용 AI 로봇 ‘LG 클로이’ 16일부터 판매"
194,"KB금융, 와 금융 AI 비즈니스 사업제휴"
195,·라인·컴투스 등 IT·게임사 '여름 인턴' 모집
196,·라인·컴투스 등 IT·게임사 '채용형 여름 인턴' 모집
197,"-LGU+, 지체 장애인에 AI스피커 등 전달"
198,", AI 기술·노하우 공유하는 학술대회 개최"
199,"KB금융, 와 금융 AI 비즈니스 사업제휴"
200,"KB금융-, 금융 AI 프로젝트 추진"
201,", 세계 딥러닝 학회 ICLR 참가..클로바 핵심기술 담은 논문 발표"
202,"·LGU+ ""AI 기술 통해 지체 장애인 삶의 질 개선"""
203,", 새로운 AI 검색 기술 공개한다"
204,", 'AI 콜로키움'에 전 세계 산·학계 인공지능 연구진 총집합"
205,"KB금융, 와 금융AI 비즈니스 사업제휴"
206,"KB금융-, ‘금융 AI’ 사업제휴"
207,KB금융- '금융 AI 비즈니스 MOU' 체결
208,""", 지역언론 차별 말고 대화에 나서라"""
209,"""기술노하우 공유""…, AI콜로키움 4월5일 개최"
210,", 로보틱스·AI 기술 스타트업 2곳에 투자"
211," AI 스피커, 말로 보고 눈으로 듣는다"
212,"루나소프트,  투자 유치..이커머스 분야 협업"
213,"KB금융-, 금융AI 비즈니스 '맞손'"
214,AI가 편집한  뉴스..일평균 페이지뷰 69% 증가했다
215,"KB금융-, 금융 AI 비즈니스 사업 제휴"
216,"KB금융-, 금융 AI 비즈니스 사업제휴"
217,", 로봇관리·AI의료영상분석 스타트업 2곳 투자"
218, 3년 연속 ICLR 등판
219,", ‘ICLR 2019’서 딥러닝 연구 성과 공개"
220,"KB금융-, 금융 AI 비즈니스 사업 제휴"
221,"우리은행,  라인과 AI 기술 협업"
222, AI 콜로키움 내달 5일 개최…AI개발자와 학계 정보공유 학술...
223,간편결제 '부정거래' 국내 기술로 잡는다..'AI 레그테크' 상용화
224,"KB금융-, 금융 AI 비즈니스 사업 제휴"
225,"KB금융-, 금융 AI 비즈니스 사업제휴"
226,"LG '알렉사' 품은 스마트TV 출시…""AI 동맹 확산"""
227,일반인 중 ' 목소리 뽑는다'..음성합성 개인·대중화 '성큼'
228,"KB금융·, 금융 AI 비즈니스 사업제휴"
229,"KB금융-, 금융 AI 비즈니스 프로젝트로 손잡는다"
230,", AI기술·노하우 공유의 장 연다"
231,", 딥러닝 콘퍼런스 'ICLR 2019'서 연구 성과 공개"
232,"KB금융, 와 손잡았다..금융 AI 비즈니스 확대"
233,"우리은행,  라인과 'AI 공동 랩' 신설"
234," D2SF, ‘로보틱스-AI’ 기술 스타트업 투자"
235,", 국내 학계·업계 AI 기술 공유로 국내 AI 생태계 강화"
236, KB금융 와 금융 AI 사업 제휴
237,"새로운 , 오디오 뉴스도 인공지능(AI)이 추천?"
238," D2SF, 로보틱스·AI 기술 스타트업에 투자"
239,"""국내서 처음 여는 AI 대학원을 소개합니다"""
240,"우리은행,  라인과 AI상품 개발한다"
241,"KB금융-, 금융AI 비즈니스 파트너십 MOU 체결"
242," D2SF, 로보틱스·AI 기술 스타트업에 투자"
243,"-LGU+, 지체장애인 300명에 AI 스피커·음원 이용권 제공"
244,"KB금융, 와 AI 사업제휴 금융스피커 개발 협력"
245,"KB금융, 와 AI 사업제휴… ‘금융스피커’ 개발 예정"
246," D2SF, 로보틱스·AI 기술 스타트업에 투자"
247," D2SF, 로보틱스·AI 기술 스타트업에 투자"
248," D2SF, 로보틱스•AI 기술 스타트업에 투자"
249," D2SF, 로보틱스·AI 기술 스타트업에 투자"
250," D2SF, 로보틱스·AI 기술 스타트업에 투자"
251,", 딥러닝 컨퍼런스 ‘ICLR 2019’서 클로바·AI 기술 연구성..."
252,가 꿈꾸는 AI 기술 개발 생태계
253," D2SF, 로보틱스·AI 기술 스타트업에 투자"
254,"동아대, 김성훈 교수 초청 AI(인공지능) 특강"
255,"LG유플러스 우리집 AI- 클로바, 스마트 스피커 전달식"
256,"LG전자, 인공지능 홈로봇 'LG 클로이' 16일 판매 시작"
257,", LG유플러스와 AI 기술로 사회적 약자 돕는다"
258,"KB금융-, 금융 AI 사업 제휴…“음성 금융 거래 개발 협력”"
259,"KB금융, 음성 금융거래 스피커 개발...와 AI 비즈니스 사업제휴"
260,' 툰레이더' 망에 걸린 불법 웹툰 사이트 운영자들
261,어제부터  뉴스 추천에 AI 도입
262,"LG전자, 이번엔 '얀덱스'와 AI 협력..'알리사' 탑재 엑스붐 AI 씽큐..."
263,보이는 AI 스피커 시대 온다
264,"우리은행,  라인과 'AI 공동 랩' 설립"
265,"우리은행,  라인과 AI기술 협업 MOU 체결"
266,", 대규모 산학 학술행사 'AI 콜로키움 2019' 개최"
267," D2SF, 로보틱스·AI 기술 스타트업에 투자"
268,"우리은행,  라인과 AI 협업 위한 업무협약 체결"
269,"LG유플러스 우리집 AI- 클로바, 스마트 스피커 전달식 ..."
270,"KB금융, 와 손잡고 금융스피커 등 AI프로젝트 추진"
271,어제부터 뉴스 추천에 AI 도입한 
272,AI 도입한  페이지 소개하는 김광현 리더
273,", 내달 5일 AI 연구결과 공유 'AI 콜로키움'"
274,"""AI기술자 다 모여라"".., 내달 5일 'AI콜로키움' 개최"
275,", 딥러닝 컨퍼런스 ‘ICLR 2019'서 최신 AI 기술·연구 성과 ..."
276,"우리은행- 라인, AI 기술 협업 MOU 체결"
277,"LGU+, 5.5인치 디스플레이 탑재한 AI 스피커 출시"
278,", 4월 5일 AI 연구자 대상 'NAVER AI 콜로키움' 개최"
279," D2SF, 로보틱스·AI 스타트업 ‘클로봇·모니터’에 투자"
280,"LG전자, 인공지능 홈로봇 'LG 클로이' 본격 판매"
281,"LGU+, 어벤져스 AI스피커 3일 출시"
282,"와 카카오, 인공지능 기술 앞세워 기업고객으로 발뻗어"
283,10배 빨라지는 '구글 어시스턴트'…뒤쫓는 
284,"삼성카드 '아지냥이', 반려동물 위한 커뮤니티 "
285,", 연구자 대상 'AI 콜로키움' 내달 5일 개최"
286," "" OCR 정확도, 구글보다 15% 우위…AI,  전반에..."
287,"LG유플러스, 디즈니코리아와 디스플레이 탑재 AI스피커 출시"
288,말로 하면 화면으로 말한다..보이는 AI 스피커 출격!
289,"KB금융, 와 '금융AI 기술개발' 제휴"
290,"KB금융, 와 금융 AI 비즈니스 사업제휴"
291,"우리은행- 라인, AI기술 협업 MOU"
292,"세계적 AI 개발자 김성훈 씨, 동아대학교 초청 강연 펼쳐"
293," LG하우시스, 금호타이어, (주)풀무원, (주..."
294, 데이터센터 급한데..주민은 반대·용인시는 '나몰라라'
295,"우리은행,  라인과 AI기술 협업 MOU 체결"
296,"우리은행- 라인, AI 기술 협업"
297,"AI 스피커, 디스플레이와 결합해 '보는 스피커'로 변신"
298,KB금융 와 금융 AI 비즈니스 사업제휴
299,", 인공지능 연구자 대상 'AI 콜로키움' 개최"
300,"은행원 안세원씨 ""문자메시지가 '스미싱' 인지 AI로 97% 정확히 판별"""
301," ""뉴스페이지, AI 편집 후 페이지뷰 69% 증가"""
302," 인공지능(AI)통번역 '파파고', 월간 사용자 1000만 돌파"
303,"KB금융, 와 ‘금융 AI’ 비즈니스 사업제휴"
304, “산학 협력 통해 AI 생태계 강화할 것”
305,"LG유플러스-, 지체 장애인에 AI스피커 전달"
306,", 뉴스에 AI 적용하고 페이지뷰 69% 증가"
307,"KB금융, 와 '금융 AI 스피커' 개발 협약"
308," 뉴스편집, AI가 사람 대신 다 한다"
309,"中 배달 전문 플랫폼 '메이퇀', AI 연구 인력 1만명 둔 이유"
310," 웹툰 라인플러스, 체험형 채용연계형 인턴 모집"
311,"LG유플러스·, 지체장애인에 AI스피커 지원"
312," 뉴스, 사람 대신 AI가 편집한다"
313,"LGU+, 보이는 AI 스피커로 ‘어벤져스’를 만난다"
314,가 꿈꾸는 AI의 미래 공개..4월 5일 'AI 콜로키움' 개최
315," 카카오 출신이 세운 VR 스타트업, LG·서 84억 투자 ..."
316,"이통 3사, 보는 AI 스피커 大戰..관건은 '콘텐츠'"
317,"서울시 “제로페이 궁금증,  챗봇‧AI스피커에 물어보세요”"
318,""" 뉴스에 AI 도입했더니 페이지뷰 늘었다"""
319,"·LGU+, 지체 장애인에 AI스피커·음원 이용권 전달"
320,"이통3사, '홈 AI' 단말 경쟁..이젠 보고 듣는다"
321,", 새 버전 AI 추천기술 등 고도화 나선다"
322,"이통 3사, AI 스피커 경쟁 2라운드..이번엔 '디스플레이'"
323," 인공지능으로 움직이는 , 이렇게 바뀌었..."
324," D2SF, 로보틱스ㆍAI 기술 스타트업 2개사에 투자"
325,"""직캠부터 뉴스 배열까지""…, 사용자가 체감하는 AI 가치 만든다"
326,"우리은행· 라인, 'AI 협업' 업무협약 체결...'클로바' 활용"
327,"""아마존, MS 게 섰거라"" 클라우드 시장 공략 나선 "
328,"KB금융, 와 금융 AI 비즈니스 사업제휴"
329,"AI에 맡긴  뉴스 편집…""이용자 늘고 편향성 적어"""
330,"KB금융, 와 금융 AI 비즈니스 맞손"
331,""" 뉴스에 AI 결합하니 PV 69% 증가"""
332,", 국내 로보틱스·AI 스타트업에 투자"
333," , 2019 AI 콜로키움 개최"
334,·라인·컴투스 등 IT·게임사 '여름 인턴' 모집
335,KB금융 와 금융 AI 비즈니스 사업제휴
336,AI 편집하는  뉴스 '감성 뉴스' 사라질라
337, 모바일 새로운 첫화면 '그린닷' 기능 살펴보니
338,"KB금융, 와 금융 AI 비즈니스 사업제휴"
339,"KB금융, 와 금융 AI 비즈니스 사업제휴"
340,'아이에게 동화 읽어주는 홈로봇' LG 클로이 홈쇼핑서 판매
341,"KB금융, 와 금융 AI 비즈니스 사업제휴"
342,청각 넘어 시각으로..AI 스피커의 진화-누구네모(SK텔레콤) vs 테이...
343," '파파고', MAU 1천만 돌파…AI 통번역 로 자리매김"
344,"KB금융, 와 '금융 AI 비즈니스' 사업 제휴"
345,"KB금융, 와 금융 AI 비즈니스 사업제휴"
346," D2SF, 로보틱스·의료 AI 스타트업에 투자"
347,"KB금융·, 금융 AI 비즈니스 사업 제휴"
348,‧카카오 커머스 무서운 성장세… 이커머스 위협하나
349,"KB금융, 와 금융 AI 비즈니스 제휴"
350,"KB금융, 와 금융 AI 비즈니스 사업제휴"
351,"KB금융, 와 금융 AI 비즈니스 사업제휴"
352,"KB금융, 와 금융 AI 비즈니스 사업제휴"
353,"KB금융, 와 금융 AI 비즈니스 사업제휴"
354," 웅진코웨이, 환경가전업계 4차 산업 선도"
355,"KB금융, 와 금융 AI 비즈니스 사업제휴"
356,"KB금융, 와 금융 AI비즈니스 사업제휴"
357,"·LGU+, 지체장애인 300명에 AI 스피커 지원"
358,"KB금융, 와 금융 AI 비즈니스 사업제휴"
359,"""나랑 손잡자""…·카카오 AI 플랫폼 확대 '박차'"
360,"KB금융, 와 금융 AI 비즈니스 사업제휴"
361,"미래에셋대우, 올해 1분기 합병 후 '최대순익' 달성"
362,"이통3사, '보는 AI 스피커'로 2라운드 경쟁 돌입"
363,디스플레이 결합.. 이통 3사 'AI 스피커 대전' 2R
364,"KB금융, 와 금융AI 비즈니스 사업제휴"
365,"KB금융, 와 금융 AI 비즈니스 사업제휴"
366,"KB금융, 와 금융 AI 비즈니스 사업제휴"
367,홈로봇 'LG 클로이' CJ오쇼핑서 판매
368,"""아이언맨 액션포즈 보여줘""..LGU+, 어벤저스 캐릭터 보이는 AI스피..."
369, 내가 안 읽은 '내 목소리 동화' 어떻게 만들어질까
370,", 'ICLR 2019'서 연구 성과 공개"
371,"KB금융그룹, 와 금융 AI 비즈니스 사업개발 '맞손'"
372,"LG전자, 인공지능 홈로봇 'LG 클로이' 본격 판매"
373,"KB금융, 와 금융 AI 비즈니스 사업제휴"
374,"KB금융, 와 금융 AI 비즈니스 사업제휴"
375, 듣는 것으론 부족.. '보는' AI 스피커 속속 등장
376,"KB금융그룹, 와 금융 AI 비즈니스 사업 협력"
377,"LG전자, ""동화책 읽어주는"" 홈로봇 '클로이' 판매 개시"
378, 클릭만 하면 AI가 ‘서빙’됩니다
379,"KB금융, 와 '금융 AI 비즈니스' 업무협약 체결"
380,", LGU+와 지체 장애인에 AI스피커·음원 이용권 전달"
381, ‘인공지능 불꽃토론 벌인다’  4회째 개...
382,"LG유플러스는 , CJ헬로는 카카오와 AI스피커 제휴"
383,"우리은행- 라인, AI기술 활용 금융상품 개발 협약"
384, 와 금융 AI 비즈니스 사업제휴
385,"KB금융, 와 '금융 AI 스피커' 개발 MOU"
386,"KB금융그룹, 와 금융 AI(인공지능) 비즈니스 제휴"
387,기업 고객 정조준한 카카오..카톡 광고창·AI로 승부 낸다
388,"금융권 다음 격전지는 AI…인력대체 효과 톡톡, 고도화는 ‘글쎼’"
389,AI 추천 기술 적용해 모바일 검색화면 전면 개편
390,", 세계 딥러닝 학회 'ICLR'에 3년째 참석"
391," AI의 성공, 데이터와 사람에 달렸다"
392,"KB금융-, 금융 전용 AI분석엔진 개발"
393,"-LGU+-시설관리공단, “AI로 사화적약자가 행복한 나라 만든다”"
394,", 글로벌 딥러닝 컨퍼런스 ‘ICLR 2019’ 연구 성과 공개"
395,"우리은행,  라인과 AI 기술 협업"
396," AI 음악 바이브, 카 커넥티비티 지원..3개월 무료"
397,AI시대 가짜뉴스의 명과 암
398,", 뉴스 '자체편집' 없앤다.. AI 기술로 추천"
399,SKT 이어 KT도 ‘보이는 AI 스피커’ 출시… 이통3사 경쟁 본격화
400,"우리은행,  라인과 AI 업무협약"
401," 11일부터 '신규 페이지' 기본 설정..""AI기반 개인화 콘텐츠 ..."
402,"-LG유플러스, 지체장애인 300명에 AI 플랫폼 '클로바' 탑재된..."
403,디지털 역량 강화 위한 4대 은행장의 선택은?
404,KB금융 '음성 금융거래 AI' 개발 나선다
405,"우리은행,  라인과 AI 기술 '협업'"
406,"LG유플러스·, 장애인콜택시 이용 회원에게 AI 스피커 전달"
407,"LG유플러스·, 장애인콜택시 이용 회원에게 AI 스피커 전달"
408,"LG유플러스·, 장애인콜택시 이용 회원에게 AI 스피커 전달"
409," 뉴스, 4일부터 전면 AI 편집"
410,LG도 뛰어든 AI스피커 경쟁..스마트홈 허브 '2라운드'
411, ' 최신 AI기술에 쏠린 시선들'
412,", ‘투자-양성평등-사회공헌’서 톱 클래스 모범기업"
413,韓 업체끼리 출혈경쟁 해외부동산 거품 키워
414,화면 탑재한 '어벤져스' AI스피커 나왔다
415,"우리은행,  라인과 AI 기술 협업 진행"
416," LG유플러스·, 장애인콜택시 이용 회원에게 AI 스피커..."
417," LG유플러스·, 장애인콜택시 이용 회원에게 AI 스피커..."
418,"'손정의 펀드' 등에 탄 쿠팡, 로켓 쏴 올릴까?"
419,"LGU+, 아이언맨이 쏙…AI스피커 ‘U+AI_어벤져스’ 출시"
420," LG유플러스·, 장애인콜택시 이용 회원에게 AI 스피커..."
421,", 개인화 검색하니 콘텐츠 소비 4배 늘어"
422,"KB금융, 와 손잡고 금융 AI 비즈니스 사업 추진"
423,삼성카드 '아지냥이' 에  AI 챗봇 적용
424,"KB금융, 와 금융 전용 AI 프로젝트 추진한다"
425, 검색도 ‘엣지있게’ 가야 합니다
426,", 자체 뉴스편집 모두 없애..AI 추천 대체"
427," 넥슨지티(주), (주)GS리테일, (주)LG CNS,..."
428,"“이제는 보세요” 통신3사, 시청각으로 진화한 AI 스피커 경쟁 2차..."
429,", 내달 5일 'AI콜로키움' 개최"
430,"확 바뀐  뉴스, AiRS 추천 알고리즘이 뭐길래"
431," 뉴스, 4일부터 AI가 기사 추천"
432,21세기 바흐는 AI가 될까?
433," AI 키보드앱, 안드로이드 버전에도 일본어 적용"
434,"아이언맨이 AI스피커로.. LG유플러스, 'U+AI_어벤져스' 출시"
435,AI 스피커 올해 800만대 규모..불붙은 콘텐츠 전쟁 '골든 키즈' 잡아라
436,불법웹툰 사이트 '어른아이닷컴' 운영자 검거...  툰레이더 ...
437,혼합현실·머신러닝…흥미로운 강연 쏟아진다
438,이통3사 AI스피커 경쟁 2라운드...음성인식 개선 '승부수'
439," ""쇼핑·B2B가 새 동력..3년내 승부"""
440,"②""아리아, 책 읽어줘""..오디오북의 선전"
441, Foreign banks join rush to future
442,"SKT-KT-구글-, '화면 달린 AI스피커' 전쟁"
443,해외여행 환전 안하고 카드까지 두고 가는 사연
444,", 내달 5일 ‘AI 콜로키움 2019’ 개최"
445," AI 키보드앱 '스마트보드', 안드로이드 버전 일본어 적용"
446,"파파고, 한국어 높임말도 '척척'..  AI 기능 고도화"
447," , 딥러닝 학회 ‘ICLR 2019’서 발표"
448,"우리은행,  라인과 ‘AI 공동 Lab’ 신설키로"
449,", 칼 갈았다..아마존 클라우드와 '맞짱'"
450,"우리은행,  라인과 AI 기술 협업 위한 MOU 체결"
451, 21세기 바흐는 AI가 될까?
452,"KB금융, 와 금융 인공지능 사업 제휴"
453,", AI 키보드앱 '스마트보드' 안드로이드 버전에 일본어 적용"
454,"LGU+-, 지체장애인 300명에 AI스피커 지원"
455,"건설업계, 아파트에 AI 심는다···'기술 고도화' 박차"
456,"KB금융, 와 함께 음성인식 금융 AI 사업 주도한다"
457,"바이두, 중국 서부 도시에 'AI 스마트 시티' 건설"
458,", 내달 5일 'AI 콜로키움 2019' 개최"
459,"오디오 강화하는 , ‘오디오 뉴스’도 AI 추천"
460,"LGU+, '어벤져스 디스플레이' 탑재 AI스피커 출시"
461,"LG유플러스, 5.5인치 디스플레이 탑재 '어벤저스 AI 스피커' 출시....."
462,"우리은행,  라인과 AI 금융  개발 위한 업무협약 체결"
463,"우리은행,  라인과 'AI 결합한 금융상품' 공동 개발"
464,"퇴근해 현관 들어서니 AI 스피커가 ""어서 오세요"""
465,"'우리집 AI 스피커는 어벤져스! 어셈블!' LG유플러스, AI 어벤져스 ..."
466," D2스타트업 팩토리, 로보틱스·AI 전문 국내 스타트업 투자"
467,", 30분 녹음으로 완성하는 음성합성기술 공개"
468,"'뉴스·실검' 빠지고 편집은 AI가.., 논란 잠재울까?"
469,"'뉴스·실검' 빠지고 편집은 AI가.., 논란 잠재울까?"
470,", 뉴스 편집 사람이 안하고 'AI'에 맡긴다"
471,", AI 플랫폼 클로바에 내비게이션 모드 적용"
472,15초 영상으로 89조 '슈퍼 유니콘' 만든 30대 청년
473," KB금융, 와 금융 전용 AI 비즈니스 사업 제휴"
474,"""AI로 골라보는 아이돌 직캠, 원본보다 인기"""
475,", AI 기반 '개인 맞춤형' 쇼핑 검색 신설"
476, AI 통번역  '파파고' 높임말 기능 출시
477,5G-AI 자율주행 필수인프라 “실시간 초정밀도로지도” 개발
478,"우리은행,  라인과 AI 기술 협업 MOU…'공동 랩(Lab)' 신설"
479,AI 스피커에서 아이언맨이 점프를 한다
480,"KB금융, 와 금융 전용 AI 분석엔진 개발"
481,"(체험기)""로난이 속한 종족 이름은?""…어벤져스 캐릭터가 AI 스피커..."
482," 뉴스, 언론사가 편집하거나 AI가 추천하거나"
483,"·LGU+, 사회적 약자 위한 AI 기술 활용 강조"
484," 뉴스 편집, AI 기반 추천 모델로 전면 대체"
485,'듣는 AI'에서 '보는 AI'로..이통 3사 AI 스피커 2라운드
486,", AI로 취향 저격 쇼핑 콘텐츠 추천"
487, AI 통번역 '파파고' 높임말 번역 추가
488,"LG전자, '로봇'이어 'AI' 미래 신사업 경쟁력 확보 총력"
489,"LGU+, 장애인 300명에게 AI스피커 지원한다"
490," AI 키보드앱 '스마트보드', 안드로이드 버전에 일본어 키보..."
491," 번역 '파파고' 한달에 1000만 이용 ..""구글 넘어섰다"""
492,머니투데이 오프라인 헤드라인-8일자
493," KB금융그룹,  ‘라인’과 금융 전용 AI 프로..."
494,"""가정통신문 읽어줘""  클로바 '알림장 확인' "
495,"우리은행,  라인과 AI기술 활용한 금융상품· 개발한다"
496,"'스마트홈 허브' AI스피커 경쟁 2라운드, 이통 3사 비장의 카드는?"
497,", 내달 AI 소통의 장 마련 '전문가 발표ㆍ노하우 공유'...400..."
498, AI스피커 시장 '요동'
499,", AI검색 버튼 '그린닷' 1분기 정식"
500, 밤토끼·마루마루에 시즌2는 없다...'웹툰 종주국' 지키려면?
501,"-LGU+, 지체장애인에 스마트 스피커 지원"
502, AI정책도 적폐청산 대상이란 말인가
503,"KT, 디스플레이형 AI 스피커 출시… '보이는 AI 시대' 연다"
504,보이는 AI 스피커 납시오
505," LGU+, AI스피커 ‘U+AI_어벤져스’ 출시"
506,"KB금융, 와 금융 AI 비즈니스 사업제휴"
507,", AI로 해외 시장 뚫는다"
508,초등학교 코앞에  데이터센터 추진에 주민 반발
509,"이통3사, '보는 AI 스피커' 경쟁…""집안 곳곳 공략"""
510,"용인  데이터센터 건립 주민반발..초등학교 옆, '전자파' 우려"
511,", 고도화된 AI 기술 누구나 사용할 수 있도록…""사회적 약자 ..."
512,"서울시-SKT, 5G, AI 첨단기술 활용한 '실시간 초정밀도로지도' 공동..."
513,  플레이스로 예약하는 미용실
514,", AI·자율車 기술 들고 CES 데뷔"
515,", 4일부터 노출되는 뉴스 모두 AI가 편집"
516,", AI로 더 똑똑해진다"
517,"LG유플러스, AI스피커 'U+AI_어벤져스' 출시"
518,"LGU+, 아이언맨·캡아 넣은 디스플레이형 AI스피커 출시"
519,"서울-SKT, '실시간 초정밀도로지도' 공동개발…5G·AI로 자율주행 ..."
520,"우리은행,  라인과 AI기술 협업 MOU 체결"
521,"LG, ‘U+AI 어벤져스’ 출시"
522,"LG유플러스, 몰입형 디스플레이 AI스피커 'U+AI_어벤져스' 출시"
523, AI스피커 ‘U+AI_어벤져스’ 출시
524,"LG유플러스, 어벤져스 굿즈 AI스피커 ‘U+AI_어벤져스’ 출시"
525," LGU+, ·서울시설공단과 장애인 대상 AI스피커 ..."
526," 서울시-SKT, 5G‧AI로 자율주행 필수 인프라 '실..."
527,車회사가 'AI 번역기' 만드는 까닭
528,사진 한 장만 있으면..모나리자·아인슈타인이 말을 한다
529,"LG유플러스, ‘디즈니 코리아’ 손잡고 AI스피커 ‘U+AI_어벤져스’..."
530,"우리은행,  라인과 ‘AI 공동 랩’ 신설… 인공지능 기술 협업"
531,"AI스피커 보급률 아직은 7%, 그 이유가.."
532, AI가 추천하는 상품·뉴스 '성과'..내년 토픽 뉴스 선보인다
533,"카카오, AI Lab 사내독립기업로 출범..B2B 사업 진출"
534,D2SF가 투자한 로보틱스·AI 스타트업
535,"LG유플러스, AI스피커 ‘U+AI_어벤져스’ 3일 출시...디스플레이 탑재"
536,"LG유플러스-디즈니코리아, 디스플레이 탑재 AI스피커 ‘U+AI_어벤져..."
537,"LG유플러스, '디즈니 코리아'와 함께 AI스피커 'U+AI_어벤져스' 출시"
538," 대우건설, 현관부터 집안까지 철..."
539," , AI  선보이며 '기술플랫폼' 선언"
540,", AI·로보틱스·자율주행·모빌리티 선보여"
541,'디스플레이' 탑재한 AI스피커 경쟁 2차전…관건은 ‘콘텐츠’
542,", AI 컨퍼런스 NeurIPS서 연구성과 공개"
543,동화 읽어주는 LG전자 홈로봇 클로이
544,"'어린이 고객 잡자'…통신사, 보이는 AI 스피커로 승부"
545,인공지능(AI)병원 넘어 첨단 스마트병원으로
546," 쇼핑, AI·빅데이터로 배송일 정확히 예측"
547,"""페이스북 나와!"".. 라인, 일본 거점으로 글로벌 블록체인 시..."
548,삼성도 곧..AI 스피커 시장 주도권 경쟁 본격화
549,"LG유플러스-, 사회적 약자 위한 ‘행복한 나라’ 프로젝트 추..."
550, 통번역앱 '파파고' 월 이용자 천만 돌파
551,카카오 AI랩 출범.. B2B 사업 힘 싣는다
552,"LG유플러스, 디즈니 코리아와 손잡고 AI스피커 'U+AI 어벤져스' 출시"
553,", 바뀐 건물·간판 'AI'로 자동 업데이트"
554,'U+우리집AI' 사회적 약자 로 성큼
555,"LG유플러스, '디즈니 코리아'와 함께 몰입형 디스플레이 탑재 AI스..."
556,"윤석열 살해 협박한 유튜버,  뉴스 자문위원 출신"
557,"인포마크, 에 AI 스피커 공급..140억 규모"
558,"LG유플러스, ‘디즈니 코리아’와 함께 몰입형 디스플레이 탑재 AI..."
559,"동아대, 인공지능 ‘슈퍼인재’ 김성훈 홍콩과기대 교수 24일 초청 ..."
560,"듣다가, 이젠 보고..AI 스피커 진화는 계속된다"
561,", 세계 최고 딥러닝 컨퍼런스 ‘ICLR 2019’에서 연구 성과 공개"
562,삼성도 곧 참전..치열한 'AI 스피커' 거실쟁탈전
563,"""인공지능 개발해 사회 자산화하겠다""..㈜인공지능연구원..."
564,"미국 클라우드업체에 '각' 세운  ""견줄 자신 있다"""
565,"인포마크, 와 AI 스피커 물품공급 계약"
566,"LG유플러스, 몰입형 디스플레이 탑재 AI스피커 ‘U+AI_어벤져스’ 출시"
567,"인포마크, 와 AI 스피커 물품공급 계약"
568,"우리은행, ‘ 라인’과 손잡는다…AI기술 협업 MOU 체결"
569,"LG유플러스, 디스플레이 탑재 AI스피커 'U+AI_어벤져스' 출시"
570,삼성카드 '아지냥이' 에  AI 챗봇 적용
571,"""수학 웹툰으로 익혀요"" 매스노트· 콘텐츠 제휴"
572,"LGU+, '어벤져스' 캐릭터 담은 AI스피커 'U+AI 어벤져스' 출시"
573,"동아대, 인공지능 분야 김성훈 홍콩과기대 교수 초청 강연"
574,"""바이두 주가 16%↓...·카카오 사업 다각화 숙제""-NH투자증권"
575,"LG유플러스-, 장애인이 '행복한 나라' 진행...서울시설공단에..."
576,"LG U+, 디즈니와 손잡고 AI스피커 'U+AI_어벤져스' 출시"
577,"동아대, 인공지능 분야 '슈퍼인재' 김성훈(성킴) 홍콩과기대 교수 ..."
578,"""지니·아리아"" 보면서 불러요..이통사 'AI스피커 2차대전'"
579,"동아대, 인공지능 분야 ‘슈퍼인재’ 김성훈 홍콩과기대 교수 초청..."
580,"'말로 택시 부르고, 버스 도착시간 찾고' -LG유플러스, 서울..."
581,"동아대, 인공지능 분야 ‘슈퍼인재’ 김성훈(성킴) 홍콩과기대 교수..."
582,"""온라인 모르던 수제화 장인들, 직접 찾아 설득했죠"""
583,"동아대, 인공지능 분야 ‘슈퍼인재’ 김성훈 홍콩과기대 교수 초청 ..."
584,"이통 3사, 화면달린 AI 스피커 전쟁…방긋 웃는 ‘삼성전자’"
585,LGU+ 'U+AI_어벤져스' AI스피커 출시
586,", 美 딥러닝 컨퍼런스 ‘ICLR 2019’서 연구 성과 발표"
587,"""한국어 번역은 구글보다 우수"".. 342쌍 언어 번역해내는 카카오"
588,< ICT & Science >심정지 예측하고 중환자실로 미리 이송.. 의사·A...
589, 영화 '스텔스' 현실로?..도그파이팅 가능한 AI 전투기...
590,"LG유플러스, 화면 탑재한 AI 어벤져스 풀었다"
591,", 세계 최고 딥러닝 컨퍼런스 ‘ICLR 2019’에서 연구 성과 공개"
592,", 뉴스 편집 'AI 추천'에 맡긴다"
593, 뉴스 편집자문위원이던 '윤석열 협박' 유튜버 자택 앞에서 체포
594,"""음성비서는 왜 여자 목소리야?..편견 조장"" UN 보고서 비판"
595, 달라진 모바일 첫화면 적용 속도...AI 개인화 콘텐츠 실험도...
596,"LG유플러스, AI스피커 'U+AI_어벤져스' 출시..화면은 5.5인치 가장 ..."
597,"'윤석열 살해 협박' 유튜버 김씨,  뉴스 편집자문위원 출신"
598," ""커머스·B2B 역량 집중.. 3년내 가시적 성과"""
599,"LGU+, 디즈니코리아와 손잡고 ‘U+AI_어벤져스’ 선봬"
600,", AI 기반 '바이브'로 뮤직 플랫폼 일원화"
601,"KB금융,  손잡고 음성뱅킹 개발한다"
602," ""AI가 기사 관련 동영상까지 추천"""
603," vs 카카오, 이번엔 B2B서 붙는다"
604,", 공공 전용 AI 클라우드  출시"
605,"""최강 히어로 다 모았다""..LGU+, AI스피커 'U+AI 어벤저스' 출격"
606,"국내 최초, 제1회 「코리아 핀테크 위크 2019」 개막"
607,", AI 최고 권위 컨퍼런스 'NeurIPS 2018'에서 연구 성과 공개"
608,"'클로바' 키우는 .. ""전 세계에 우리 AI플랫폼 심겠다"""
609,"LG유플, AI기술로 장애인이 행복한 나라 만든다..와 손잡고 ..."
610,""" 모바일 방문자 74%가 새 버전 이용"".. 단계적 전환 플랜 '..."
611,"웹툰·만화 불법복제사이트와 전면전.. ""뿌리 뽑는다"""
612,", 세계 최고 딥러닝 컨퍼런스 'ICLR 2019'에서 연구 성과 공개"
613,", 11일부터 앱 그린닷 버전 기본 적용"
614,", 그린닷 도입 모바일 버전 속도 향상…AI기반 추천  확대"
615," ""또 한번 도약..3년내 괄목할 성과"""
616,", 그린닷 적용 신버전 적용 속도 업…AI 기반 개인화 제공"
617," 카이스트 산업  시스템공학과, 산업시스템 설..."
618,"LGU+, 보는 스피커 'U+AI_어벤져스' 출시"
619,"LG유플러스, 디즈니코리아와 어벤져스 AI스피커 출시"
620," 카카오페이지, , 마인드AI"
621," 클라우드 플랫폼, 공공 돕는 AI 상품 출시"
622,"KB금융·, 음성인식 금융거래 'KB금융스피커' 개발 맞손"
623,", 미국 딥러닝 콘퍼런스에서 인공지능 연구성과 공개"
624,구미시 소재 중소기업이 스마트 홈 IOT 
625,", 영업익 감소세 불구..""日서 더 공격적 마케팅""(종합2보)"
626,", 세계 최고 딥러닝 컨퍼런스 'ICLR 2019' 통해 연구성과 공개"
627,"""AI 스피커가 장애인 콜택시 호출"""
628, AI 기반 VIBE로 뮤직 플랫폼 브랜드 일원화
629,"낯선 호텔방, 도움 필요할 때 '호텔지니'를 부르세요"
630, 헬스케어 진출 본격화..AI 빅데이터 활용
631," 뉴스, 사람 편집 대신 AI 추천으로 대체한다"
632,", 인공지능 핵심 기술 발표 '놀라운 기술력'...3년 연속 ICLR..."
633,"""AI 스피커에서 아이언맨·헐크 만나세요""…LGU+도 보이는 AI 스피..."
634,"LG유플러스, AI기술로 장애인 행복한 나라 만들기"
635,"KB금융, 와 인공지능 협업"
636,"음원 도 'AI'가 대세.., AI 추천 내세운 'VIBE'로 시장..."
637," 지도, 클로바 AI 탑재"
638,"LG전자, AI 홈로봇 '클로이' 첫 판매..200만원대"
639, 콜로키움 기조연설하는 김광현 리더
640, 콜로키움 기조연설하는 김광현 리더
641, 콜로키움 기조연설하는 김광현 리더
642,"LG유플러스, 'U+AI_어벤져스' 출시..'보이는 AI스피커' 경쟁 본격"
643,"LGU+, 마블 히어로 활용한 AI 스피커 개발"
644,일하고 싶은 중소벤처기업은 어떻게 만들어질까?
645, <3>더 편리하게..더 간편하게..금융 플랫폼의 진화
646,"LG유플러스, 디즈니코리아와 ‘U+AI_어벤져스’ 출시"
647,"인공지능(AI) 시대의 프로세서, 누가 대세?"
648, <3> 더 편리하게.. 더 간편하게.. 금융 플랫폼의...
649,"LGU+, AI·IoT로 장애인 삶의 질 개선"
650,도봉아이나라도서관 '소프트웨어에 물들다' 강연
651," ""한국보다 일본 투자·마케팅이 중요..핀테크 집중"" (종합)"
652,화면 달린 AI스피커戰 막 오른다..LGU+·KT도 출시 임박
653,책상 몇개 놓인 이곳이 한국 AI 거점
654,"IOT 전문기업 디지엔스,  AI '클로바'와 전략적 제휴"
655,보이는 AI스피커 경쟁 스타트
656," 통번역앱 파파고, MAU 1천만 넘었다"
657,"LG유플러스, 디스플레이 탑재 AI 스피커 '어벤져스' 출시"
658,"LG유플러스, '어벤져스' 입은 디스플레이 탑재 AI스피커 출시"
659,산업(5월23일 목요일)
660,LG전자 16일부터 CJ오쇼핑서 AI홈로봇 'LG 클로이' 판매
661,", 그린닷 도입한 새 모바일 버전 속도 높인다... 고도화된 AI..."
662,랑 손잡은 LG유플러스..합병하는 CJ헬로는 카카오랑 손잡아
663," 파파고, 월간 사용자수 1000만명 돌파..""국민 통번역 ..."
664,"LG유플러스, AI기술로 장애인이 행복한 나라 만든다"
665,"'파파고' 월 이용자1,000만..국민 통번역앱 오르나"
666,"운전하며 ""맛집찾아줘""..지도, AI음성비서 '클로바' 탑재"
667,"삼성전자, QLED 8K 98형 국내 시장 본격 판매"
668, 'AI검색' 아직 2살..'그린닷'으로 고도화
669,"LGU+,  클로바로 장애인이 '행복한 나라' 만들어 (종합)"
670," AI 뮤직 앱 '바이브', 소셜 기능 추가"
671, AI스피커로 배우 유인나와 대화한다
672,"LG유플러스 ""AI기술로 장애인이 행복한 나라 만들 것"""
673,"KB금융, 와 인공지능 사업 제휴"
674," AI 키보드앱 '스마트보드', 일본어 키보드 적용"
675,"LG유플러스, AI기술로 장애인 돕는 '행복한 나라' 프로젝트 추진"
676," 파파고, 국민 통번역앱 '우뚝'..누적 다운 2000만"
677,", 그린닷 도입한 새 버전 적용 속도 높인다 … AI기반 개인화..."
678,", 뉴스  쇼핑 추천에 인공지능 도입"
679,"텐센트·DJI도 IT심장 광둥성에..""위챗페이는 실패서 핀 꽃"""
680," '커머스·B2B' 차세대 성장동력 낙점 ""3년 내 성과낸다"" (종합)"
681, 통·번역  '파파고' 월간 사용자 수 1000만명 돌파
682,AI와 암기력 대결 할 것인가
683,'듣는 AI'에서 '보는 AI'로…이통3사 AI 시장 2차전 열리나
684,"LG유플러스, 어벤져스 팬심 자극할 AI스피커 출시"
685,"LG전자, AI 홈로봇 ‘LG 클로이’ 본격 판매"
686, 통번역 앱 '파파고' MAU 1000만 돌파
687,"이천시-특전사 비호부대, 재난대응 협력 업무협약 체결"
688,"LG유플러스, 디스플레이 AI 스피커 'U+AI어벤져스' 4월 출시"
689,내 취향에 맞는 상품부터..  AI 쇼핑검색 'FOR YOU' 
690,"이호승 차관, OECD 각료이사회서 디지털 전환 관련 대응방안 논의"
691,"서울시-SKT, 5G·AI로 자율주행 필수 인프라 '실시간 초정밀도로지..."
692," AI 통변역 파파고, 한국어 높임말도 번역한다"
693,"서울시-SKT, 5G·AI로 자율주행 필수 인프라 '실시간 초정밀도로지..."
694,"서울시-SKT, 5G·AI로 자율주행 필수 인프라 '실시간 초정밀도로지..."
695,"LGU+, AI기술로 장애인이 행복한 나라 만든다"
696,"KB금융, 와 음성 금융거래 'KB금융스피커' 개발키로"
697,"카톡이 모빌리티·은행업 진출한 것처럼..""기업들 기존 업 정의 바..."
698, ㆍ대한항공ㆍHDC현대산업개발 외
699, 뉴스 자체 편집 없앤다…AI 추천 알고리즘으로 대체
700,", AI와 차별 주제 담은 프라시 백서 발간"
701,", AI 기반 ‘취향 저격’ 쇼핑검색 오픈"
702,", 뉴스 편집 완전 손 뗀다...AI ‘에어스’가 대체"
703," D2SF, 스타트업 클로봇·모니터에 투자"
704,"카카오,  ""AI를 더 똑똑하게"""
705,'AI 딥러닝을 이용한 오디오기반 음악 추천'
706,"  “AI기술,  쇼핑 전반적으로 확대”"
707,사회적약자에 귀기울인 LGU+.. AI·IoT로 행복한 나라 만든다
708,", 뉴스 자체 편집 손 뗀다...AI 추천으로 자동화"
709, 내비게이션에 AI 플랫폼 '클로바' 탑재
710,"낭랑한 유인나 목소리,  AI스피커 '클로바'로 듣는다"
711,"AI 스피커, 이젠 화면으로 승부"
712,"LG U+, AI 활용 장애인 지원 프로젝트 본격 추진"
713,"""안녕 ""..  지도 내비, AI 탑재"
714,", AI 통번역 ‘파파고’ 높임말 번역 기능 선봬"
715,국제 딥러닝 컨퍼런스 ‘ICLR 2019’서  ‘클로바’ 기술 인기
716,"서울시-SKT, 5G·AI로 자율주행 필수 인프라 '실시간 초정..."
717,"한준성 KEB하나은행 부행장 ""고객 행복 위한 생활금융 플랫폼이 목표"""
718,데이터 거래소에서 '맞춤데이터' 사고 팔아요
719,", 아마존 클라우드와 '맞짱'"
720," “OO야, 끝말잇기 하자” SKT ’누구‘ vs KT..."
721,", AI 키보드앱 '스마트보드' Android 버전 일본어 키보드 적용"
722," ""은행·커피샵·미디어..예외 없다, 모든 기업 기존 업(業) ..."
723,이대로 가면 '데이터 식민지' 된다
724,"KB금융, 와 금융 인공지능 사업 제휴"
725,"콰라, 전문투자자용 종목·뉴스 AI검색 '왓이즈펀드' 베타 출시"
726,", 그린닷 도입한 새 버전 적용 속도 높인다 … AI기반의 개인..."
727,", 그린닷 도입한 새 버전 적용 속도 높인다 … AI기반의 개인..."
728,"카카오·LG생건 웃고, ·아모레 울고"
729,"LG유플러스, 장애인 300명에게 AI 스피커 기증"
730,화면형 AI스피커로 2막.. 3사 안방 공략(종합)
731," 통·번역 앱 파파고, 월간 사용자 1천만 돌파"
732," vs 카카오,신사업에 1분기 실적 희비 엇갈려"
733,'국민 번역 ' 된  파파고..구글 제치고 月사용자 1000...
734,", 세계 딥러닝 컨퍼런스 ‘ICLR 2019’서 인공지능 연구성과 ..."
735,AI스피커 보이는 스피커로 진화…AI스피커 2R 돌입
736,얼굴 인식 결제·외환 잔돈 교환 자판기..소비자 눈길 사로잡은 新금융
737,"보는 AI스피커 시대..SKT, 화면 달린 AI스피커 '누구 네모' 출시"
738, ‘수십시간→30분 녹음이면 음성합성’ 젊은 인...
739, ‘바이브’는 어떻게 음악을 추천할까
740,'파파고 게섰거라'..카카오 번역 '새단장'
741,"슬기로운 은행 생활, '챗봇'을 찾아주세요"
742,"LGU+, AI로 장애인에 일상생활의 벽을 낮춘다"
743,①종이책만 보는 당신은 386세대?..접는폰으...
744,", AI 음악  'VIBE'에 노래 공유 소셜 기능 추가"
745,"화면 달린 AI 스피커 '각축전'…""콘텐츠가 관건"""
746,", AI 통번역  ‘파파고’ 높임말 번역 기능까지 지원"
747," 파파고, '국민 통·번역 '로 자리매김"
748,"이통 3사, ICT 기술로 '따뜻한 대한민국' 만든다"
749, “인공지능 기술로 사회적 약자 돕겠다”
750,"우리은행,  라인과 인공지능(AI) 기술 협업 위한 MOU"
751,대문색과 성적표는 정반대…카카오 ‘초록불’  ‘노란불'
752," AI 키보드앱 '스마트보드', 안드로이드 버전도 일본어 키보..."
753,", AI 통ㆍ번역  '파파고' 높임말 번역 지원"
754," 뉴스 , 4일부터 전면 AI(AiRS) 편집"
755,카카오AI 영문법 교정 챌린지서 '2위'..번역 경쟁력 확인
756," ""AI  개발, 구독형 로"""
757,알파고 이후 3년..'AI 번역' 새 주인공..AI닥터 시대 성큼
758,"""책 읽어주는 AI로봇""....LG전자, '클로이' CJ오쇼핑서 판매"
759,"LG유플러스 ""AI기술로 장애인이 행복한 나라 만든다"""
760,", AI·자율주행 분야 스타트업 2곳 신규 투자"
761,광고 없이 입소문으로 연매출 100억원 돌파
762," AI 키보드앱 '스마트보드', 안드로이드 버전에도 일본어 키..."
763,숨은 아이디어 상품 찾아 '스토리'를 입힌다
764,'평균나이 33세' 젊은 감각으로 주방 가전 시장 주도
765,"원양 선사로의 첫 항해, 선봉에 선 '미주팀'"
766, 음성합성 기술 진화..수십시간→4시간→30분
767,유제품 시장 정체 뚫고 고속성장..'데이터 분석'으로 타깃 영업
768,"치질 바로 알기 캠페인..치질, 더 이상 숨기지 마세요"
769,'보는' 지니·아리아..이통 'AI스피커 2차대전'
770,", AI 기반 맞춤형 쇼핑  '포유' 공개"
771,은행권 AI 어디까지 왔나...디지털 금융 총력전
772,소외된 기존 고객이 바로 '황금 기회'죠
773,"수도권과 지방, 서로 다른 영업 전략 필요하죠"
774,'1년 절반 해외 출장'..아프리카 오지도 두렵지 않아요
775,"'연평균 15% 성장'..미니 굴착기, 국산화 위해 뛴다"
776,고액 자산가를 위한 '금융상품의 명품관' 만든다
777," AI 파파고, 한국어 높임말 번역...""외국인 정확한 소통 가능"""
778,국내 최대 마이스 특화팀..정상회의도 문제 없어요
779,물류업계 '베테랑팀'이 만드는 '글로벌 포워딩'
780,"면세점업계의 미래, 동남아 관광객에게 달렸죠"
781,주류업계 최대 격전지 강남을 평정한 '영업 전사들'
782," , 에코스마트글로벌, 마인드AI"
783,", 뉴스 자체 편집 안한다…AI가 완전 대체"
784,Bank groups zero in on AI
785,", AI 통번역  파파고에 '높임말 번역' 기능 추가"
786,"LG유플러스, 지체장애인에게 AI 스피커 전달"
787,"코스콤, '코리아 핀테크 위크 2019' 참여"
788,"지도, AI 플랫폼 클로바 탑재"
789, 닛산 2세대 리프에  '클로바' 첫 탑재
790,'리모델링 패키지' 사업 이끌 전문가 키운다
791," 에이치에스디엔진(주), 현대자동차(주), N..."
792," 지도 내비게이션, AI 플랫폼 '클로바' 탑재"
793,아이돌 모델 기용 파격..BTS 적금으로 '메가 히트'
794," 통·번역 앱 '파파고', 월 사용자 1천만 돌파"
795,"-LG유플러스, 지체장애인에게 스마트 스피커 전달"
796," AI 뮤직 앱 VIBE, '취저곡' 주고 받는 소셜 기능 추가"
797,"AI 기자, 대체할 것인가, 함께갈 것인가"
798,"의 콘텐츠, 글로벌 시장서 입지 굳혔다 '본격 수익 창출 기대'"
799,광고주 발굴 위해 주지스님 앞에서도 프레젠테이션
800,'리모델링 패키지' 사업 이끌 전문가 키운다
801," 에이치에스디엔진(주), 현대자동차(주), N..."
802," 지도 내비게이션, AI 플랫폼 '클로바' 탑재"
803,아이돌 모델 기용 파격..BTS 적금으로 '메가 히트'
804," 통·번역 앱 '파파고', 월 사용자 1천만 돌파"
805,"-LG유플러스, 지체장애인에게 스마트 스피커 전달"
806," AI 뮤직 앱 VIBE, '취저곡' 주고 받는 소셜 기능 추가"
807,"AI 기자, 대체할 것인가, 함께갈 것인가"
808,"의 콘텐츠, 글로벌 시장서 입지 굳혔다 '본격 수익 창출 기대'"
809,광고주 발굴 위해 주지스님 앞에서도 프레젠테이션
810,'리모델링 패키지' 사업 이끌 전문가 키운다
811," 에이치에스디엔진(주), 현대자동차(주), N..."
812," 지도 내비게이션, AI 플랫폼 '클로바' 탑재"
813,아이돌 모델 기용 파격..BTS 적금으로 '메가 히트'
814," 통·번역 앱 '파파고', 월 사용자 1천만 돌파"
815,"-LG유플러스, 지체장애인에게 스마트 스피커 전달"
816," AI 뮤직 앱 VIBE, '취저곡' 주고 받는 소셜 기능 추가"
817,"AI 기자, 대체할 것인가, 함께갈 것인가"
818,"의 콘텐츠, 글로벌 시장서 입지 굳혔다 '본격 수익 창출 기대'"
819,광고주 발굴 위해 주지스님 앞에서도 프레젠테이션
820,'리모델링 패키지' 사업 이끌 전문가 키운다
821," 에이치에스디엔진(주), 현대자동차(주), N..."
822," 지도 내비게이션, AI 플랫폼 '클로바' 탑재"
823,아이돌 모델 기용 파격..BTS 적금으로 '메가 히트'
824," 통·번역 앱 '파파고', 월 사용자 1천만 돌파"
825,"-LG유플러스, 지체장애인에게 스마트 스피커 전달"
826," AI 뮤직 앱 VIBE, '취저곡' 주고 받는 소셜 기능 추가"
827,"AI 기자, 대체할 것인가, 함께갈 것인가"
828,"의 콘텐츠, 글로벌 시장서 입지 굳혔다 '본격 수익 창출 기대'"
829,광고주 발굴 위해 주지스님 앞에서도 프레젠테이션
830,'리모델링 패키지' 사업 이끌 전문가 키운다
831," 에이치에스디엔진(주), 현대자동차(주), N..."
832," 지도 내비게이션, AI 플랫폼 '클로바' 탑재"
833,아이돌 모델 기용 파격..BTS 적금으로 '메가 히트'
834," 통·번역 앱 '파파고', 월 사용자 1천만 돌파"
835,"-LG유플러스, 지체장애인에게 스마트 스피커 전달"
836," AI 뮤직 앱 VIBE, '취저곡' 주고 받는 소셜 기능 추가"
837,"AI 기자, 대체할 것인가, 함께갈 것인가"
838,"의 콘텐츠, 글로벌 시장서 입지 굳혔다 '본격 수익 창출 기대'"
839,광고주 발굴 위해 주지스님 앞에서도 프레젠테이션
840,'리모델링 패키지' 사업 이끌 전문가 키운다
841," 에이치에스디엔진(주), 현대자동차(주), N..."
842," 지도 내비게이션, AI 플랫폼 '클로바' 탑재"
843,아이돌 모델 기용 파격..BTS 적금으로 '메가 히트'
844," 통·번역 앱 '파파고', 월 사용자 1천만 돌파"
845,"-LG유플러스, 지체장애인에게 스마트 스피커 전달"
846," AI 뮤직 앱 VIBE, '취저곡' 주고 받는 소셜 기능 추가"
847,"AI 기자, 대체할 것인가, 함께갈 것인가"
848,"의 콘텐츠, 글로벌 시장서 입지 굳혔다 '본격 수익 창출 기대'"
849,광고주 발굴 위해 주지스님 앞에서도 프레젠테이션
850,'리모델링 패키지' 사업 이끌 전문가 키운다
851," 에이치에스디엔진(주), 현대자동차(주), N..."
852," 지도 내비게이션, AI 플랫폼 '클로바' 탑재"
853,아이돌 모델 기용 파격..BTS 적금으로 '메가 히트'
854," 통·번역 앱 '파파고', 월 사용자 1천만 돌파"
855,"-LG유플러스, 지체장애인에게 스마트 스피커 전달"
856," AI 뮤직 앱 VIBE, '취저곡' 주고 받는 소셜 기능 추가"
857,"AI 기자, 대체할 것인가, 함께갈 것인가"
858,"의 콘텐츠, 글로벌 시장서 입지 굳혔다 '본격 수익 창출 기대'"
859,광고주 발굴 위해 주지스님 앞에서도 프레젠테이션
860,'리모델링 패키지' 사업 이끌 전문가 키운다
861," 에이치에스디엔진(주), 현대자동차(주), N..."
862," 지도 내비게이션, AI 플랫폼 '클로바' 탑재"
863,아이돌 모델 기용 파격..BTS 적금으로 '메가 히트'
864," 통·번역 앱 '파파고', 월 사용자 1천만 돌파"
865,"-LG유플러스, 지체장애인에게 스마트 스피커 전달"
866," AI 뮤직 앱 VIBE, '취저곡' 주고 받는 소셜 기능 추가"
867,"AI 기자, 대체할 것인가, 함께갈 것인가"
868,"의 콘텐츠, 글로벌 시장서 입지 굳혔다 '본격 수익 창출 기대'"
869,광고주 발굴 위해 주지스님 앞에서도 프레젠테이션
870,'리모델링 패키지' 사업 이끌 전문가 키운다
871," 에이치에스디엔진(주), 현대자동차(주), N..."
872," 지도 내비게이션, AI 플랫폼 '클로바' 탑재"
873,아이돌 모델 기용 파격..BTS 적금으로 '메가 히트'
874," 통·번역 앱 '파파고', 월 사용자 1천만 돌파"
875,"-LG유플러스, 지체장애인에게 스마트 스피커 전달"
876," AI 뮤직 앱 VIBE, '취저곡' 주고 받는 소셜 기능 추가"
877,"AI 기자, 대체할 것인가, 함께갈 것인가"
878,"의 콘텐츠, 글로벌 시장서 입지 굳혔다 '본격 수익 창출 기대'"
879,광고주 발굴 위해 주지스님 앞에서도 프레젠테이션
880,'리모델링 패키지' 사업 이끌 전문가 키운다
881," 에이치에스디엔진(주), 현대자동차(주), N..."
882," 지도 내비게이션, AI 플랫폼 '클로바' 탑재"
883,아이돌 모델 기용 파격..BTS 적금으로 '메가 히트'
884," 통·번역 앱 '파파고', 월 사용자 1천만 돌파"
885,"-LG유플러스, 지체장애인에게 스마트 스피커 전달"
886," AI 뮤직 앱 VIBE, '취저곡' 주고 받는 소셜 기능 추가"
887,"AI 기자, 대체할 것인가, 함께갈 것인가"
888,"의 콘텐츠, 글로벌 시장서 입지 굳혔다 '본격 수익 창출 기대'"
889,광고주 발굴 위해 주지스님 앞에서도 프레젠테이션
890,'리모델링 패키지' 사업 이끌 전문가 키운다
891," 에이치에스디엔진(주), 현대자동차(주), N..."
892," 지도 내비게이션, AI 플랫폼 '클로바' 탑재"
893,아이돌 모델 기용 파격..BTS 적금으로 '메가 히트'
894," 통·번역 앱 '파파고', 월 사용자 1천만 돌파"
895,"-LG유플러스, 지체장애인에게 스마트 스피커 전달"
896," AI 뮤직 앱 VIBE, '취저곡' 주고 받는 소셜 기능 추가"
897,"AI 기자, 대체할 것인가, 함께갈 것인가"
898,"의 콘텐츠, 글로벌 시장서 입지 굳혔다 '본격 수익 창출 기대'"
899,광고주 발굴 위해 주지스님 앞에서도 프레젠테이션
900,'리모델링 패키지' 사업 이끌 전문가 키운다
901," 에이치에스디엔진(주), 현대자동차(주), N..."
902," 지도 내비게이션, AI 플랫폼 '클로바' 탑재"
903,아이돌 모델 기용 파격..BTS 적금으로 '메가 히트'
904," 통·번역 앱 '파파고', 월 사용자 1천만 돌파"
905,"-LG유플러스, 지체장애인에게 스마트 스피커 전달"
906," AI 뮤직 앱 VIBE, '취저곡' 주고 받는 소셜 기능 추가"
907,"AI 기자, 대체할 것인가, 함께갈 것인가"
908,"의 콘텐츠, 글로벌 시장서 입지 굳혔다 '본격 수익 창출 기대'"
909,광고주 발굴 위해 주지스님 앞에서도 프레젠테이션
910,'리모델링 패키지' 사업 이끌 전문가 키운다
911," 에이치에스디엔진(주), 현대자동차(주), N..."
912," 지도 내비게이션, AI 플랫폼 '클로바' 탑재"
913,아이돌 모델 기용 파격..BTS 적금으로 '메가 히트'
914," 통·번역 앱 '파파고', 월 사용자 1천만 돌파"
915,"-LG유플러스, 지체장애인에게 스마트 스피커 전달"
916," AI 뮤직 앱 VIBE, '취저곡' 주고 받는 소셜 기능 추가"
917,"AI 기자, 대체할 것인가, 함께갈 것인가"
918,"의 콘텐츠, 글로벌 시장서 입지 굳혔다 '본격 수익 창출 기대'"
919,광고주 발굴 위해 주지스님 앞에서도 프레젠테이션
920,'리모델링 패키지' 사업 이끌 전문가 키운다
921," 에이치에스디엔진(주), 현대자동차(주), N..."
922," 지도 내비게이션, AI 플랫폼 '클로바' 탑재"
923,아이돌 모델 기용 파격..BTS 적금으로 '메가 히트'
924," 통·번역 앱 '파파고', 월 사용자 1천만 돌파"
925,"-LG유플러스, 지체장애인에게 스마트 스피커 전달"
926," AI 뮤직 앱 VIBE, '취저곡' 주고 받는 소셜 기능 추가"
927,"AI 기자, 대체할 것인가, 함께갈 것인가"
928,"의 콘텐츠, 글로벌 시장서 입지 굳혔다 '본격 수익 창출 기대'"
929,광고주 발굴 위해 주지스님 앞에서도 프레젠테이션
930,'리모델링 패키지' 사업 이끌 전문가 키운다
931," 에이치에스디엔진(주), 현대자동차(주), N..."
932," 지도 내비게이션, AI 플랫폼 '클로바' 탑재"
933,아이돌 모델 기용 파격..BTS 적금으로 '메가 히트'
934," 통·번역 앱 '파파고', 월 사용자 1천만 돌파"
935,"-LG유플러스, 지체장애인에게 스마트 스피커 전달"
936," AI 뮤직 앱 VIBE, '취저곡' 주고 받는 소셜 기능 추가"
937,"AI 기자, 대체할 것인가, 함께갈 것인가"
938,"의 콘텐츠, 글로벌 시장서 입지 굳혔다 '본격 수익 창출 기대'"
939,광고주 발굴 위해 주지스님 앞에서도 프레젠테이션
940,'리모델링 패키지' 사업 이끌 전문가 키운다
941," 에이치에스디엔진(주), 현대자동차(주), N..."
942," 지도 내비게이션, AI 플랫폼 '클로바' 탑재"
943,아이돌 모델 기용 파격..BTS 적금으로 '메가 히트'
944," 통·번역 앱 '파파고', 월 사용자 1천만 돌파"
945,"-LG유플러스, 지체장애인에게 스마트 스피커 전달"
946," AI 뮤직 앱 VIBE, '취저곡' 주고 받는 소셜 기능 추가"
947,"AI 기자, 대체할 것인가, 함께갈 것인가"
948,"의 콘텐츠, 글로벌 시장서 입지 굳혔다 '본격 수익 창출 기대'"
949,광고주 발굴 위해 주지스님 앞에서도 프레젠테이션
950,'리모델링 패키지' 사업 이끌 전문가 키운다
951," 에이치에스디엔진(주), 현대자동차(주), N..."
952," 지도 내비게이션, AI 플랫폼 '클로바' 탑재"
953,아이돌 모델 기용 파격..BTS 적금으로 '메가 히트'
954," 통·번역 앱 '파파고', 월 사용자 1천만 돌파"
955,"-LG유플러스, 지체장애인에게 스마트 스피커 전달"
956," AI 뮤직 앱 VIBE, '취저곡' 주고 받는 소셜 기능 추가"
957,"AI 기자, 대체할 것인가, 함께갈 것인가"
958,"의 콘텐츠, 글로벌 시장서 입지 굳혔다 '본격 수익 창출 기대'"
959,광고주 발굴 위해 주지스님 앞에서도 프레젠테이션
960,'리모델링 패키지' 사업 이끌 전문가 키운다
961," 에이치에스디엔진(주), 현대자동차(주), N..."
962," 지도 내비게이션, AI 플랫폼 '클로바' 탑재"
963,아이돌 모델 기용 파격..BTS 적금으로 '메가 히트'
964," 통·번역 앱 '파파고', 월 사용자 1천만 돌파"
965,"-LG유플러스, 지체장애인에게 스마트 스피커 전달"
966," AI 뮤직 앱 VIBE, '취저곡' 주고 받는 소셜 기능 추가"
967,"AI 기자, 대체할 것인가, 함께갈 것인가"
968,"의 콘텐츠, 글로벌 시장서 입지 굳혔다 '본격 수익 창출 기대'"
969,광고주 발굴 위해 주지스님 앞에서도 프레젠테이션
970,'리모델링 패키지' 사업 이끌 전문가 키운다
971," 에이치에스디엔진(주), 현대자동차(주), N..."
972," 지도 내비게이션, AI 플랫폼 '클로바' 탑재"
973,아이돌 모델 기용 파격..BTS 적금으로 '메가 히트'
974," 통·번역 앱 '파파고', 월 사용자 1천만 돌파"
975,"-LG유플러스, 지체장애인에게 스마트 스피커 전달"
976," AI 뮤직 앱 VIBE, '취저곡' 주고 받는 소셜 기능 추가"
977,"AI 기자, 대체할 것인가, 함께갈 것인가"
978,"의 콘텐츠, 글로벌 시장서 입지 굳혔다 '본격 수익 창출 기대'"
979,광고주 발굴 위해 주지스님 앞에서도 프레젠테이션
980,'리모델링 패키지' 사업 이끌 전문가 키운다
981," 에이치에스디엔진(주), 현대자동차(주), N..."
982," 지도 내비게이션, AI 플랫폼 '클로바' 탑재"
983,아이돌 모델 기용 파격..BTS 적금으로 '메가 히트'
984," 통·번역 앱 '파파고', 월 사용자 1천만 돌파"
985,"-LG유플러스, 지체장애인에게 스마트 스피커 전달"
986," AI 뮤직 앱 VIBE, '취저곡' 주고 받는 소셜 기능 추가"
987,"AI 기자, 대체할 것인가, 함께갈 것인가"
988,"의 콘텐츠, 글로벌 시장서 입지 굳혔다 '본격 수익 창출 기대'"
989,광고주 발굴 위해 주지스님 앞에서도 프레젠테이션
990,'리모델링 패키지' 사업 이끌 전문가 키운다
991," 에이치에스디엔진(주), 현대자동차(주), N..."
992," 지도 내비게이션, AI 플랫폼 '클로바' 탑재"
993,아이돌 모델 기용 파격..BTS 적금으로 '메가 히트'
994," 통·번역 앱 '파파고', 월 사용자 1천만 돌파"
995,"-LG유플러스, 지체장애인에게 스마트 스피커 전달"
996," AI 뮤직 앱 VIBE, '취저곡' 주고 받는 소셜 기능 추가"
997,"AI 기자, 대체할 것인가, 함께갈 것인가"
998,"의 콘텐츠, 글로벌 시장서 입지 굳혔다 '본격 수익 창출 기대'"
999,광고주 발굴 위해 주지스님 앞에서도 프레젠테이션
